type,city,district,name,centroid_lat,centroid_lon
district,Новосибирск,,Центральный район,55.0415,82.9346
district,Новосибирск,,Железнодорожный район,55.0451,82.8934
district,Новосибирск,,Заельцовский район,54.9884,83.0065
district,Новосибирск,,Ленинский район,55.0271,82.9557
district,Новосибирск,,Дзержинский район,55.0530,82.8934
district,Новосибирск,,Калининский район,54.8996,82.9863
district,Новосибирск,,Кировский район,54.9924,83.0868
district,Новосибирск,,Октябрьский район,55.0828,82.9478
district,Новосибирск,,Первомайский район,54.9721,82.8934
district,Новосибирск,,Советский район,55.0656,83.0198
district,Екатеринбург,,Верх-Исетский район,56.8176,60.5810
district,Екатеринбург,,Железнодорожный район,56.8389,60.5850
district,Екатеринбург,,Кировский район,56.8857,60.6458
district,Екатеринбург,,Ленинский район,56.8019,60.6343
district,Екатеринбург,,Октябрьский район,56.8697,60.6047
district,Екатеринбург,,Орджоникидзевский район,56.9057,60.5647
district,Екатеринбург,,Чкаловский район,56.7915,60.7011
district,Казань,,Авиастроительный район,55.8583,49.2111
district,Казань,,Вахитовский район,55.7887,49.1221
district,Казань,,Кировский район,55.8268,49.0866
district,Казань,,Московский район,55.7534,49.2002
district,Казань,,Ново-Савиновский район,55.8167,49.1333
district,Казань,,Приволжский район,55.7291,49.1543
district,Казань,,Советский район,55.7977,49.1092
district,Нижний Новгород,,Автозаводский район,56.2545,43.8433
district,Нижний Новгород,,Канавинский район,56.3344,43.9442
district,Нижний Новгород,,Ленинский район,56.2861,43.9408
district,Нижний Новгород,,Московский район,56.2935,44.0070
district,Нижний Новгород,,Нижегородский район,56.3269,44.0075
district,Нижний Новгород,,Приокский район,56.2304,43.9171
district,Нижний Новгород,,Советский район,56.3153,43.9973
district,Нижний Новгород,,Сормовский район,56.3574,43.8197
district,Челябинск,,Центральный район,55.1644,61.4368
district,Челябинск,,Калининский район,55.1898,61.3170
district,Челябинск,,Курчатовский район,55.1283,61.5661
district,Челябинск,,Ленинский район,55.1923,61.3854
district,Челябинск,,Металлургический район,55.1490,61.2894
district,Челябинск,,Советский район,55.2095,61.3418
district,Челябинск,,Тракторозаводский район,55.1827,61.2525
district,Красноярск,,Центральный район,56.0153,92.8932
district,Красноярск,,Железнодорожный район,56.0184,92.9520
district,Красноярск,,Кировский район,56.0796,92.9225
district,Красноярск,,Ленинский район,55.9976,92.7966
district,Красноярск,,Октябрьский район,56.0596,92.9696
district,Красноярск,,Свердловский район,56.0447,92.9167
district,Красноярск,,Советский район,56.0840,92.8394
district,Самара,,Железнодорожный район,53.1977,50.1347
district,Самара,,Кировский район,53.2576,50.2210
district,Самара,,Красноглинский район,53.3003,50.2569
district,Самара,,Куйбышевский район,53.2224,50.2788
district,Самара,,Ленинский район,53.1917,50.1105
district,Самара,,Октябрьский район,53.2221,50.1598
district,Самара,,Промышленный район,53.2715,50.3168
district,Самара,,Самарский район,53.1959,50.1034
district,Самара,,Советский район,53.2401,50.2011
district,Уфа,,Демский район,54.7765,56.0435
district,Уфа,,Калининский район,54.7351,55.9579
district,Уфа,,Кировский район,54.7431,56.0016
district,Уфа,,Ленинский район,54.7143,55.9465
district,Уфа,,Октябрьский район,54.8070,56.0642
district,Уфа,,Орджоникидзевский район,54.7679,56.0885
district,Уфа,,Советский район,54.7543,55.9872
district,Ростов на Дону,,Ворошиловский район,47.2357,39.7014
district,Ростов на Дону,,Железнодорожный район,47.2671,39.8378
district,Ростов на Дону,,Кировский район,47.2789,39.7534
district,Ростов на Дону,,Ленинский район,47.2646,39.6916
district,Ростов на Дону,,Октябрьский район,47.2576,39.6507
district,Ростов на Дону,,Первомайский район,47.1925,39.6241
district,Ростов на Дону,,Пролетарский район,47.3144,39.7381
district,Ростов на Дону,,Советский район,47.2155,39.6301
district,Краснодар,,Центральный внутригородской округ,45.0355,38.9753
district,Краснодар,,Западный внутригородской округ,45.0598,38.9129
district,Краснодар,,Карасунский внутригородской округ,45.0186,39.0091
district,Краснодар,,Прикубанский внутригородской округ,45.0808,39.0401
district,Омск,,Центральный административный округ,54.9885,73.3242
district,Омск,,Кировский административный округ,54.9509,73.3848
district,Омск,,Ленинский административный округ,54.9660,73.4415
district,Омск,,Октябрьский административный округ,54.9991,73.3680
district,Омск,,Советский административный округ,55.0294,73.2758
district,Воронеж,,Центральный район,51.6605,39.2002
district,Воронеж,,Железнодорожный район,51.7034,39.1548
district,Воронеж,,Коминтерновский район,51.6271,39.2707
district,Воронеж,,Ленинский район,51.6904,39.1842
district,Воронеж,,Левобережный район,51.6137,39.0964
district,Воронеж,,Советский район,51.5538,39.0632
district,Пермь,,Дзержинский район,58.0105,56.2502
district,Пермь,,Индустриальный район,58.0455,56.3173
district,Пермь,,Кировский район,57.9876,56.1735
district,Пермь,,Ленинский район,58.0036,56.2294
district,Пермь,,Мотовилихинский район,58.0304,56.2085
district,Пермь,,Орджоникидзевский район,58.0598,56.3301
district,Пермь,,Свердловский район,57.9933,56.3018
district,Волгоград,,Центральный район,48.7080,44.5133
district,Волгоград,,Дзержинский район,48.7968,44.5828
district,Волгоград,,Ворошиловский район,48.6917,44.4801
district,Волгоград,,Кировский район,48.4707,44.5361
district,Волгоград,,Краснооктябрьский район,48.7502,44.4946
district,Волгоград,,Красноармейский район,48.5661,44.5566
district,Волгоград,,Советский район,48.6549,44.4291
district,Волгоград,,Тракторозаводский район,48.7994,44.7311
district,Саратов,,Волжский район,51.5951,46.0357
district,Саратов,,Заводской район,51.4977,46.1263
district,Саратов,,Кировский район,51.5642,46.0001
district,Саратов,,Ленинский район,51.5336,46.0343
district,Саратов,,Октябрьский район,51.5745,45.9693
district,Саратов,,Фрунзенский район,51.4891,46.0881
district,Тюмень,,Центральный административный округ,57.1522,65.5272
district,Тюмень,,Восточный административный округ,57.1385,65.5843
district,Тюмень,,Калининский административный округ,57.1829,65.5341
district,Тюмень,,Ленинский административный округ,57.1267,65.4563
district,Тольятти,,Автозаводский район,53.5303,49.3461
district,Тольятти,,Центральный район,53.5078,49.4201
district,Тольятти,,Комсомольский район,53.5520,49.2826
district,Ижевск,,Индустриальный район,56.8664,53.2878
district,Ижевск,,Ленинский район,56.8431,53.2024
district,Ижевск,,Октябрьский район,56.8719,53.2327
district,Ижевск,,Первомайский район,56.8219,53.2542
district,Ижевск,,Устиновский район,56.8983,53.2662
district,Ульяновск,,Железнодорожный район,54.3146,48.3704
district,Ульяновск,,Заволжский район,54.3625,48.4074
district,Ульяновск,,Ленинский район,54.3166,48.3953
district,Ульяновск,,Засвияжский район,54.3474,48.3325
district,Барнаул,,Центральный район,53.3477,83.7798
district,Барнаул,,Железнодорожный район,53.3245,83.6949
district,Барнаул,,Индустриальный район,53.3918,83.7423
district,Барнаул,,Ленинский район,53.3606,83.7539
district,Барнаул,,Октябрьский район,53.3139,83.7736
district,Владивосток,,Ленинский район,43.1332,131.9113
district,Владивосток,,Первомайский район,43.2394,132.0547
district,Владивосток,,Первореченский район,43.1525,131.9448
district,Владивосток,,Советский район,43.1090,131.8738
district,Владивосток,,Фрунзенский район,43.1056,131.9335
district,Ярославль,,Дзержинский район,57.6261,39.8845
district,Ярославль,,Заволжский район,57.6656,39.8045
district,Ярославль,,Кировский район,57.6460,39.8220
district,Ярославль,,Красноперекопский район,57.6085,39.8109
district,Ярославль,,Ленинский район,57.6298,39.8737
district,Ярославль,,Фрунзенский район,57.5965,39.9278
district,Хабаровск,,Центральный район,48.4827,135.0838
district,Хабаровск,,Железнодорожный район,48.5247,135.1151
district,Хабаровск,,Индустриальный район,48.5060,135.0598
district,Хабаровск,,Кировский район,48.4406,135.1334
district,Оренбург,,Центральный район,51.7727,55.0988
district,Оренбург,,Дзержинский район,51.8070,55.1647
district,Оренбург,,Ленинский район,51.7473,55.1374
district,Оренбург,,Промышленный район,51.7259,55.1643
district,Новокузнецк,,Центральный район,53.7557,87.1099
district,Новокузнецк,,Заводской район,53.7862,87.1473
district,Новокузнецк,,Кузнецкий район,53.7190,87.1647
district,Новокузнецк,,Куйбышевский район,53.7355,87.0731
district,Новокузнецк,,Новоильинский район,53.7989,87.0871
district,Новокузнецк,,Орджоникидзевский район,53.8285,87.1906
district,Кемерово,,Центральный район,55.3547,86.0864
district,Кемерово,,Заводской район,55.3092,86.1239
district,Кемерово,,Кировский район,55.3355,86.0429
district,Кемерово,,Ленинский район,55.3744,86.0643
district,Кемерово,,Рудничный район,55.4028,86.1171
district,Рязань,,Железнодорожный район,54.6269,39.7492
district,Рязань,,Московский район,54.5965,39.6859
district,Рязань,,Октябрьский район,54.6093,39.7186
district,Рязань,,Советский район,54.6407,39.6916
district,Набережные Челны,,Автозаводский район,55.7430,52.4088
district,Набережные Челны,,Центральный район,55.7287,52.3783
district,Набережные Челны,,Комсомольский район,55.7000,52.3249
district,Астрахань,,Кировский район,46.3497,48.0342
district,Астрахань,,Ленинский район,46.3576,48.0594
district,Астрахань,,Советский район,46.3397,48.0213
district,Астрахань,,Трусовский район,46.3103,48.0751
district,Пенза,,Железнодорожный район,53.2001,45.0047
district,Пенза,,Ленинский район,53.1956,44.9953
district,Пенза,,Октябрьский район,53.2153,45.0157
district,Пенза,,Первомайский район,53.1753,45.0343
district,Киров,,Ленинский район,58.6035,49.6679
district,Киров,,Октябрьский район,58.5939,49.5948
district,Киров,,Первомайский район,58.5706,49.6384
district,Киров,,Нововятский район,58.6173,49.7341
district,Липецк,,Левобережный округ,52.6031,39.5708
district,Липецк,,Правобережный округ,52.6108,39.5997
district,Липецк,,Советский округ,52.6227,39.6493
district,Липецк,,Октябрьский округ,52.5843,39.6287
district,Чебоксары,,Калининский район,56.1324,47.2519
district,Чебоксары,,Ленинский район,56.1185,47.2854
district,Чебоксары,,Московский район,56.1439,47.2087
district,Калининград,,Центральный район,54.7104,20.4522
district,Калининград,,Балтийский район,54.7065,20.5065
district,Калининград,,Ленинградский район,54.7305,20.5131
district,Калининград,,Московский район,54.6887,20.5449
district,Томск,,Кировский район,56.4977,84.9744
district,Томск,,Ленинский район,56.4584,84.9476
district,Томск,,Октябрьский район,56.4691,84.9912
district,Томск,,Советский район,56.5015,85.0061
district,Махачкала,,Кировский район,42.9849,47.5047
district,Махачкала,,Ленинский район,42.9634,47.5228
district,Махачкала,,Советский район,43.0018,47.4754
