city_name,district_name
Новосибирск,Центральный район
Новосибирск,Железнодорожный район
Новосибирск,Заельцовский район
Новосибирск,Ленинский район
Новосибирск,Дзержинский район
Новосибирск,Калининский район
Новосибирск,Кировский район
Новосибирск,Октябрьский район
Новосибирск,Первомайский район
Новосибирск,Советский район
Екатеринбург,Верх-Исетский район
Екатеринбург,Железнодорожный район
Екатеринбург,Кировский район
Екатеринбург,Ленинский район
Екатеринбург,Октябрьский район
Екатеринбург,Орджоникидзевский район
Екатеринбург,Чкаловский район
Казань,Авиастроительный район
Казань,Вахитовский район
Казань,Кировский район
Казань,Московский район
Казань,Ново-Савиновский район
Казань,Приволжский район
Казань,Советский район
Нижний Новгород,Автозаводский район
Нижний Новгород,Канавинский район
Нижний Новгород,Ленинский район
Нижний Новгород,Московский район
Нижний Новгород,Нижегородский район
Нижний Новгород,Приокский район
Нижний Новгород,Советский район
Нижний Новгород,Сормовский район
Самара,Железнодорожный район
Самара,Кировский район
Самара,Красноглинский район
Самара,Куйбышевский район
Самара,Ленинский район
Самара,Октябрьский район
Самара,Промышленный район
Самара,Самарский район
Самара,Советский район
Калининград,Центральный район
Калининград,Балтийский район
Калининград,Ленинградский район
Калининград,Московский район
