type,city,district,name,centroid_lat,centroid_lon
district,Москва,,Центральный административный округ,55.7558,37.6173
district,Москва,,Северный административный округ,55.8500,37.5200
district,Москва,,Северо-Восточный административный округ,55.8700,37.6500
district,Москва,,Восточный административный округ,55.7500,37.8000
district,Москва,,Юго-Восточный административный округ,55.6800,37.7500
district,Москва,,Южный административный округ,55.6200,37.6000
district,Москва,,Юго-Западный административный округ,55.6500,37.5200
district,Москва,,Западный административный округ,55.7400,37.4500
district,Москва,,Северо-Западный административный округ,55.8200,37.4500
district,Москва,,Зеленоградский административный округ,55.9800,37.2000
district,Москва,,Троицкий административный округ,55.4800,37.3000
district,Москва,,Новомосковский административный округ,55.5500,37.3700
district,Санкт-Петербург,,Адмиралтейский район,59.9200,30.3000
district,Санкт-Петербург,,Василеостровский район,59.9400,30.2700
district,Санкт-Петербург,,Выборгский район,60.0500,30.3500
district,Санкт-Петербург,,Калининский район,60.0200,30.4000
district,Санкт-Петербург,,Кировский район,59.8700,30.2600
district,Санкт-Петербург,,Колпинский район,59.7500,30.5900
district,Санкт-Петербург,,Красногвардейский район,59.9700,30.4600
district,Санкт-Петербург,,Красносельский район,59.7500,30.0900
district,Санкт-Петербург,,Кронштадтский район,60.0000,29.7700
district,Санкт-Петербург,,Курортный район,60.1500,29.9500
district,Санкт-Петербург,,Московский район,59.8700,30.3200
district,Санкт-Петербург,,Невский район,59.9000,30.4800
district,Санкт-Петербург,,Петроградский район,59.9600,30.3100
district,Санкт-Петербург,,Петродворцовый район,59.8800,29.9000
district,Санкт-Петербург,,Приморский район,60.0000,30.2500
district,Санкт-Петербург,,Пушкинский район,59.7000,30.4000
district,Санкт-Петербург,,Фрунзенский район,59.8500,30.4000
district,Санкт-Петербург,,Центральный район,59.9300,30.3600
district,Ростов-на-Дону,,Ворошиловский район,47.2400,39.7000
district,Ростов-на-Дону,,Железнодорожный район,47.2600,39.7500
district,Ростов-на-Дону,,Кировский район,47.2100,39.6300
district,Ростов-на-Дону,,Ленинский район,47.2300,39.6800
district,Ростов-на-Дону,,Октябрьский район,47.2700,39.6500
district,Ростов-на-Дону,,Первомайский район,47.2000,39.6200
district,Ростов-на-Дону,,Пролетарский район,47.2100,39.7400
district,Ростов-на-Дону,,Советский район,47.2500,39.7200
district,Иркутск,,Правобережный округ,52.2800,104.2800
district,Иркутск,,Свердловский округ,52.2900,104.3200
district,Иркутск,,Октябрьский округ,52.2700,104.3500
district,Иркутск,,Ленинский округ,52.2900,104.2400
district,Сочи,,Центральный район,43.5850,39.7200
district,Сочи,,Адлерский район,43.4300,39.9200
district,Сочи,,Хостинский район,43.5100,39.8800
district,Сочи,,Лазаревский район,43.9000,39.3300
district,Ставрополь,,Ленинский район,45.0500,41.9700
district,Ставрополь,,Октябрьский район,45.0400,41.9900
district,Ставрополь,,Промышленный район,45.0200,42.0200
district,Архангельск,,Ломоносовский округ,64.5400,40.5400
district,Архангельск,,Майская горка,64.5600,40.5900
district,Архангельск,,Октябрьский округ,64.5500,40.5200
district,Архангельск,,Соломбальский округ,64.5800,40.5000
district,Архангельск,,Цигломенский округ,64.6000,40.4800
district,Белгород,,Восточный округ,50.6000,36.6000
district,Белгород,,Западный округ,50.5900,36.5700
district,Белгород,,Юго-Западный округ,50.5800,36.5800
district,Брянск,,Бежицкий район,53.2200,34.3600
district,Брянск,,Володарский район,53.2700,34.4200
district,Брянск,,Советский район,53.2500,34.3700
district,Брянск,,Фокинский район,53.2800,34.3000
district,Великий Новгород,,Западный,58.5200,31.2500
district,Великий Новгород,,Центральный,58.5400,31.2800
district,Великий Новгород,,Восточный,58.5300,31.3100
district,Владикавказ,,Иристонский район,43.0200,44.6800
district,Владикавказ,,Промышленный район,43.0400,44.6600
district,Владикавказ,,Затеречный район,43.0300,44.6900
district,Владикавказ,,Северо-Западный район,43.0500,44.6500
district,Грозный,,Ахматовский район,43.3200,45.6900
district,Грозный,,Ленинский район,43.3100,45.7000
district,Грозный,,Октябрьский район,43.3300,45.6800
district,Грозный,,Старопромысловский район,43.3000,45.7200
district,Калуга,,Ленинский округ,54.5300,36.2700
district,Калуга,,Московский округ,54.5500,36.2500
district,Калуга,,Октябрьский округ,54.5200,36.2900
district,Курган,,Центральный,55.4500,65.3400
district,Курган,,Заозерный,55.4300,65.3200
district,Курган,,Рябково,55.4600,65.3600
district,Курск,,Центральный округ,51.7300,36.1900
district,Курск,,Железнодорожный округ,51.7400,36.2100
district,Курск,,Сеймский округ,51.7100,36.1700
district,Магнитогорск,,Ленинский район,53.4100,59.0500
district,Магнитогорск,,Орджоникидзевский район,53.3900,59.0800
district,Магнитогорск,,Правобережный район,53.4200,59.1200
district,Нижний Тагил,,Ленинский район,57.9200,59.9600
district,Нижний Тагил,,Дзержинский район,57.9000,59.9800
district,Нижний Тагил,,Тагилстроевский район,57.9400,60.0000
district,Орёл,,Заводской район,52.9700,36.0700
district,Орёл,,Железнодорожный район,52.9800,36.0900
district,Орёл,,Северный район,53.0000,36.0800
district,Орёл,,Советский район,52.9600,36.0600
district,Псков,,Центр,57.8100,28.3300
district,Псков,,Запсковье,57.8200,28.3200
district,Псков,,Завеличье,57.8000,28.3100
district,Саранск,,Ленинский район,54.1900,45.1800
district,Саранск,,Октябрьский район,54.1700,45.2000
district,Саранск,,Пролетарский район,54.1800,45.1600
district,Севастополь,,Балаклавский район,44.5000,33.6000
district,Севастополь,,Гагаринский район,44.6200,33.5200
district,Севастополь,,Ленинский район,44.6000,33.5300
district,Севастополь,,Нахимовский район,44.6100,33.5500
district,Симферополь,,Центральный район,44.9500,34.1000
district,Симферополь,,Киевский район,44.9400,34.0800
district,Симферополь,,Железнодорожный район,44.9600,34.1200
district,Смоленск,,Ленинский район,54.7900,32.0500
district,Смоленск,,Заднепровский район,54.8100,32.0700
district,Смоленск,,Промышленный район,54.7700,32.0300
district,Тверь,,Центральный район,56.8600,35.9100
district,Тверь,,Заволжский район,56.8800,35.9300
district,Тверь,,Московский район,56.8400,35.8900
district,Тверь,,Пролетарский район,56.8500,35.9500
district,Тула,,Зареченский район,54.1900,37.6100
district,Тула,,Привокзальный район,54.2000,37.6200
district,Тула,,Пролетарский район,54.2100,37.6000
district,Тула,,Советский район,54.1800,37.5900
district,Тула,,Центральный район,54.2000,37.6300
district,Улан-Удэ,,Железнодорожный район,51.8300,107.6000
district,Улан-Удэ,,Октябрьский район,51.8400,107.6200
district,Улан-Удэ,,Советский район,51.8200,107.5800
district,Чита,,Центральный район,52.0300,113.5000
district,Чита,,Ингодинский район,52.0100,113.4800
district,Чита,,Железнодорожный район,52.0400,113.5200
district,Чита,,Черновский район,52.0200,113.4600
district,Якутск,,Автодорожный округ,62.0300,129.7300
district,Якутск,,Гагаринский округ,62.0400,129.7100
district,Якутск,,Октябрьский округ,62.0200,129.7500
district,Якутск,,Промышленный округ,62.0100,129.6900
district,Якутск,,Сайсарский округ,62.0500,129.7700
district,Якутск,,Строительный округ,62.0000,129.7200
district,Балашиха,,Центральный,55.8000,37.9600
district,Балашиха,,Железнодорожный,55.7400,38.0200
district,Балашиха,,Новокосино,55.7400,37.8600
district,Подольск,,Центр,55.4200,37.5500
district,Подольск,,Кузнечики,55.4000,37.5700
district,Подольск,,Шепчинки,55.4300,37.5300
district,Химки,,Центр,55.8900,37.4300
district,Химки,,Левобережный,55.8800,37.4500
district,Химки,,Планерная,55.9000,37.4100
district,Волжский,,Центральный,48.7900,44.7800
district,Волжский,,Южный,48.7700,44.7600
district,Волжский,,Северный,48.8100,44.8000
district,Дзержинск,,Центральный,56.2400,43.4600
district,Дзержинск,,Восточный,56.2500,43.4800
district,Дзержинск,,Западный,56.2300,43.4400
district,Таганрог,,Центральный,47.2200,38.9200
district,Таганрог,,Западный,47.2100,38.9000
district,Таганрог,,Восточный,47.2300,38.9400
district,Новороссийск,,Центральный,44.7200,37.7700
district,Новороссийск,,Южный,44.7000,37.7500
district,Новороссийск,,Восточный,44.7300,37.7900
district,Шахты,,Центральный,47.7100,40.2200
district,Шахты,,Западный,47.7000,40.2000
district,Шахты,,Восточный,47.7200,40.2400
district,Энгельс,,Центральный,51.4800,46.1200
district,Энгельс,,Южный,51.4700,46.1000
district,Энгельс,,Северный,51.4900,46.1400
district,Сургут,,Центральный,61.2500,73.3900
district,Сургут,,Северный,61.2700,73.4100
district,Сургут,,Южный,61.2300,73.3700
district,Нижневартовск,,Центральный,60.9300,76.5600
district,Нижневартовск,,Северный,60.9500,76.5800
district,Нижневартовск,,Южный,60.9100,76.5400
district,Березники,,Центральный,59.4100,56.8200
district,Березники,,Усольский,59.3900,56.8000
district,Березники,,Ленинский,59.4200,56.8400
district,Старый Оскол,,Центральный,51.3000,37.8400
district,Старый Оскол,,Юго-Западный,51.2800,37.8200
district,Старый Оскол,,Северо-Восточный,51.3200,37.8600
district,Йошкар-Ола,,Центральный,56.6300,47.8900
district,Йошкар-Ола,,Заречный,56.6200,47.9100
district,Йошкар-Ола,,Ленинский,56.6400,47.8700
district,Кострома,,Центральный,57.7700,40.9300
district,Кострома,,Фабричный,57.7600,40.9100
district,Кострома,,Заволжский,57.7800,40.9500
